county,precinct,office,district,party,candidate,votes,absentee,election_day
Douglas,101 Lee School,,,,Registration,644,,
Douglas,102 Lee School,,,,Registration,801,,
Douglas,103 E Wen City Hall,,,,Registration,329,,
Douglas,104 E Wen City Hall,,,,Registration,544,,
Douglas,105 E Wen City Hall,,,,Registration,301,,
Douglas,106 Kenroy,,,,Registration,650,,
Douglas,107 Kenroy,,,,Registration,390,,
Douglas,108 Kenroy,,,,Registration,360,,
Douglas,109 E Wen City Hall,,,,Registration,439,,
Douglas,111 Kenroy School,,,,Registration,350,,
Douglas,112 E Wen City Hall,,,,Registration,776,,
Douglas,201 Grant School,,,,Registration,484,,
Douglas,202 Grant School,,,,Registration,581,,
Douglas,203 Grant School,,,,Registration,633,,
Douglas,204 Grant School,,,,Registration,588,,
Douglas,205 Waterville City Hall,,,,Registration,701,,
Douglas,206 VBM,,,,Registration,206,,
Douglas,207 VBM,,,,Registration,89,,
Douglas,208 VBM,,,,Registration,53,,
Douglas,209 Rock Island School,,,,Registration,484,,
Douglas,210 Rock Island School,,,,Registration,286,,
Douglas,211 VBM,,,,Registration,79,,
Douglas,212 VBM,,,,Registration,46,,
Douglas,213 VBM,,,,Registration,79,,
Douglas,214 VBM,,,,Registration,11,,
Douglas,215 E Wen City Hall,,,,Registration,251,,
Douglas,216 Grant School,,,,Registration,427,,
Douglas,218 Kenroy,,,,Registration,557,,
Douglas,301 Lee School,,,,Registration,1120,,
Douglas,302 Lee School,,,,Registration,902,,
Douglas,303 VBM,,,,Registration,420,,
Douglas,304 VBM,,,,Registration,123,,
Douglas,305 VBM,,,,Registration,283,,
Douglas,306 VBM,,,,Registration,25,,
Douglas,307 VBM,,,,Registration,70,,
Douglas,308 VBM,,,,Registration,37,,
Douglas,309 Mansfield Hall,,,,Registration,111,,
Douglas,310 Mansfield Hall,,,,Registration,209,,
Douglas,311 Orondo,,,,Registration,511,,
Douglas,312 VBM,,,,Registration,41,,
Douglas,313 VBM,,,,Registration,64,,
Douglas,314 Coulee Dam Hall,,,,Registration,130,,
Douglas,316 Lee School,,,,Registration,683,,
Douglas,317 Kenroy,,,,Registration,409,,
Douglas,319 Grant School,,,,Registration,752,,
Douglas,999 DOUGLAS WA,,,,Registration,17029,,
Douglas,101 Lee School,,,,Cast,506,133,373
Douglas,102 Lee School,,,,Cast,613,153,460
Douglas,103 E Wen City Hall,,,,Cast,242,62,180
Douglas,104 E Wen City Hall,,,,Cast,436,94,342
Douglas,105 E Wen City Hall,,,,Cast,213,85,128
Douglas,106 Kenroy School,,,,Cast,506,179,327
Douglas,107 Kenroy School,,,,Cast,290,84,206
Douglas,108 Kenroy School,,,,Cast,271,95,176
Douglas,109 E Wen City Hall,,,,Cast,328,104,224
Douglas,111 Kenroy School,,,,Cast,287,90,197
Douglas,112 E Wen City Hall,,,,Cast,644,196,448
Douglas,201 Grant School,,,,Cast,347,118,229
Douglas,202 Grant School,,,,Cast,422,110,312
Douglas,203 Grant School,,,,Cast,498,165,333
Douglas,204 Grant School,,,,Cast,426,87,339
Douglas,205 Waterville City Hall,,,,Cast,578,120,458
Douglas,206 VBM,,,,Cast,170,164,6
Douglas,207 VBM,,,,Cast,74,70,4
Douglas,208 VBM,,,,Cast,43,43,0
Douglas,209 Rock Island School,,,,Cast,373,91,282
Douglas,210 Rock Island School,,,,Cast,166,59,107
Douglas,211 VBM,,,,Cast,66,65,1
Douglas,212 VBM,,,,Cast,40,40,0
Douglas,213 VBM,,,,Cast,70,68,2
Douglas,214 VBM,,,,Cast,8,6,2
Douglas,215 E Wen City Hall,,,,Cast,176,44,132
Douglas,216 Grant School,,,,Cast,319,103,216
Douglas,218 Kenroy School,,,,Cast,420,121,299
Douglas,301 Lee School,,,,Cast,975,246,729
Douglas,302 Lee School,,,,Cast,780,169,611
Douglas,303 VBM,,,,Cast,325,108,217
Douglas,304 VBM,,,,Cast,105,103,2
Douglas,305 VBM,,,,Cast,228,221,7
Douglas,306 VBM,,,,Cast,22,20,2
Douglas,307 VBM,,,,Cast,60,60,0
Douglas,308 VBM,,,,Cast,34,32,2
Douglas,309 Mansfield Hall,,,,Cast,105,18,87
Douglas,310 Mansfield Hall,,,,Cast,175,48,127
Douglas,311 Orondo,,,,Cast,420,51,369
Douglas,312 VBM,,,,Cast,30,15,15
Douglas,313 VBM,,,,Cast,52,22,30
Douglas,314 Coulee Dam Hall,,,,Cast,115,94,21
Douglas,316 Lee School,,,,Cast,583,149,434
Douglas,317 Kenroy School,,,,Cast,330,104,226
Douglas,319 Grant School,,,,Cast,612,149,463
Douglas,999 DOUGLAS WA,,,,Cast,13483,4358,9125
Douglas,101 Lee School,President,,D,John Kerry,131,34,97
Douglas,102 Lee School,President,,D,John Kerry,218,58,160
Douglas,103 E Wen City Hall,President,,D,John Kerry,97,21,76
Douglas,104 E Wen City Hall,President,,D,John Kerry,141,27,114
Douglas,105 E Wen City Hall,President,,D,John Kerry,88,33,55
Douglas,106 Kenroy,President,,D,John Kerry,192,73,119
Douglas,107 Kenroy,President,,D,John Kerry,109,36,73
Douglas,108 Kenroy,President,,D,John Kerry,102,43,59
Douglas,109 E Wen City Hall,President,,D,John Kerry,107,35,72
Douglas,111 Kenroy School,President,,D,John Kerry,102,26,76
Douglas,112 E Wen City Hall,President,,D,John Kerry,201,57,144
Douglas,201 Grant School,President,,D,John Kerry,123,37,86
Douglas,202 Grant School,President,,D,John Kerry,157,47,110
Douglas,203 Grant School,President,,D,John Kerry,164,52,112
Douglas,204 Grant School,President,,D,John Kerry,132,32,100
Douglas,205 Waterville City Hall,President,,D,John Kerry,176,41,135
Douglas,206 VBM,President,,D,John Kerry,33,31,2
Douglas,207 VBM,President,,D,John Kerry,19,16,3
Douglas,208 VBM,President,,D,John Kerry,10,10,
Douglas,209 Rock Island School,President,,D,John Kerry,127,26,101
Douglas,210 Rock Island School,President,,D,John Kerry,67,26,41
Douglas,211 VBM,President,,D,John Kerry,13,12,1
Douglas,212 VBM,President,,D,John Kerry,4,4,
Douglas,213 VBM,President,,D,John Kerry,11,11,0
Douglas,214 VBM,President,,D,John Kerry,0,0,0
Douglas,215 E Wen City Hall,President,,D,John Kerry,70,18,52
Douglas,216 Grant School,President,,D,John Kerry,101,34,67
Douglas,218 Kenroy,President,,D,John Kerry,130,42,88
Douglas,301 Lee School,President,,D,John Kerry,274,66,208
Douglas,302 Lee School,President,,D,John Kerry,213,50,163
Douglas,303 VBM,President,,D,John Kerry,119,39,80
Douglas,304 VBM,President,,D,John Kerry,35,34,1
Douglas,305 VBM,President,,D,John Kerry,64,64,0
Douglas,306 VBM,President,,D,John Kerry,4,4,0
Douglas,307 VBM,President,,D,John Kerry,24,24,
Douglas,308 VBM,President,,D,John Kerry,11,11,0
Douglas,309 Mansfield Hall,President,,D,John Kerry,20,4,16
Douglas,310 Mansfield Hall,President,,D,John Kerry,42,11,31
Douglas,311 Orondo,President,,D,John Kerry,121,22,99
Douglas,312 VBM,President,,D,John Kerry,5,3,2
Douglas,313 VBM,President,,D,John Kerry,15,4,11
Douglas,314 Coulee Dam Hall,President,,D,John Kerry,76,63,13
Douglas,316 Lee School,President,,D,John Kerry,160,35,125
Douglas,317 Kenroy,President,,D,John Kerry,106,25,81
Douglas,319 Grant School,President,,D,John Kerry,192,47,145
Douglas,999 DOUGLAS WA,President,,D,John Kerry,4306,1388,2918
Douglas,101 Lee School,President,,R,George Bush,366,96,270
Douglas,102 Lee School,President,,R,George Bush,384,94,290
Douglas,103 E Wen City Hall,President,,R,George Bush,138,36,102
Douglas,104 E Wen City Hall,President,,R,George Bush,285,64,221
Douglas,105 E Wen City Hall,President,,R,George Bush,121,50,71
Douglas,106 Kenroy School,President,,R,George Bush,301,99,202
Douglas,107 Kenroy School,President,,R,George Bush,173,46,127
Douglas,108 Kenroy School,President,,R,George Bush,165,51,114
Douglas,109 E Wen City Hall,President,,R,George Bush,215,67,148
Douglas,111 Kenroy School,President,,R,George Bush,183,63,120
Douglas,112 E Wen City Hall,President,,R,George Bush,434,137,297
Douglas,201 Grant School,President,,R,George Bush,215,81,134
Douglas,202 Grant School,President,,R,George Bush,259,60,199
Douglas,203 Grant School,President,,R,George Bush,322,108,214
Douglas,204 Grant School,President,,R,George Bush,285,53,232
Douglas,205 Waterville City Hall,President,,R,George Bush,392,77,315
Douglas,206 VBM,President,,R,George Bush,126,123,3
Douglas,207 VBM,President,,R,George Bush,53,52,1
Douglas,208 VBM,President,,R,George Bush,33,33,
Douglas,209 Rock Island School,President,,R,George Bush,238,60,178
Douglas,210 Rock Island School,President,,R,George Bush,95,32,63
Douglas,211 VBM,President,,R,George Bush,50,50,0
Douglas,212 VBM,President,,R,George Bush,36,36,
Douglas,213 VBM,President,,R,George Bush,54,53,1
Douglas,214 VBM,President,,R,George Bush,8,6,2
Douglas,215 E Wen City Hall,President,,R,George Bush,99,25,74
Douglas,216 Grant School,President,,R,George Bush,211,65,146
Douglas,218 Kenroy School,President,,R,George Bush,285,78,207
Douglas,301 Lee School,President,,R,George Bush,685,176,509
Douglas,302 Lee School,President,,R,George Bush,561,117,444
Douglas,303 VBM,President,,R,George Bush,193,63,130
Douglas,304 VBM,President,,R,George Bush,69,69,0
Douglas,305 VBM,President,,R,George Bush,157,150,7
Douglas,306 VBM,President,,R,George Bush,17,15,2
Douglas,307 VBM,President,,R,George Bush,35,35,
Douglas,308 VBM,President,,R,George Bush,23,21,2
Douglas,309 Mansfield Hall,President,,R,George Bush,78,14,64
Douglas,310 Mansfield Hall,President,,R,George Bush,129,35,94
Douglas,311 Orondo,President,,R,George Bush,292,28,264
Douglas,312 VBM,President,,R,George Bush,23,10,13
Douglas,313 VBM,President,,R,George Bush,35,17,18
Douglas,314 Coulee Dam Hall,President,,R,George Bush,33,25,8
Douglas,316 Lee School,President,,R,George Bush,409,111,298
Douglas,317 Kenroy School,President,,R,George Bush,223,78,145
Douglas,319 Grant School,President,,R,George Bush,412,98,314
Douglas,999 DOUGLAS WA,President,,R,George Bush,8900,2857,6043
Douglas,101 Lee School,President,,L,Michael Badnarik,1,0,1
Douglas,102 Lee School,President,,L,Michael Badnarik,1,0,1
Douglas,103 E Wen City Hall,President,,L,Michael Badnarik,2,2,0
Douglas,104 E Wen City Hall,President,,L,Michael Badnarik,0,0,0
Douglas,105 E Wen City Hall,President,,L,Michael Badnarik,0,0,0
Douglas,106 Kenroy,President,,L,Michael Badnarik,3,1,2
Douglas,107 Kenroy,President,,L,Michael Badnarik,4,0,4
Douglas,108 Kenroy,President,,L,Michael Badnarik,0,0,0
Douglas,109 E Wen City Hall,President,,L,Michael Badnarik,0,0,0
Douglas,111 Kenroy School,President,,L,Michael Badnarik,0,0,0
Douglas,112 E Wen City Hall,President,,L,Michael Badnarik,1,0,1
Douglas,201 Grant School,President,,L,Michael Badnarik,0,0,0
Douglas,202 Grant School,President,,L,Michael Badnarik,0,0,0
Douglas,203 Grant School,President,,L,Michael Badnarik,2,2,0
Douglas,204 Grant School,President,,L,Michael Badnarik,2,0,2
Douglas,205 Waterville City Hall,President,,L,Michael Badnarik,2,1,1
Douglas,206 VBM,President,,L,Michael Badnarik,1,1,0
Douglas,207 VBM,President,,L,Michael Badnarik,1,1,0
Douglas,208 VBM,President,,L,Michael Badnarik,0,0,
Douglas,209 Rock Island School,President,,L,Michael Badnarik,0,0,0
Douglas,210 Rock Island School,President,,L,Michael Badnarik,0,0,0
Douglas,211 VBM,President,,L,Michael Badnarik,1,1,0
Douglas,212 VBM,President,,L,Michael Badnarik,0,0,
Douglas,213 VBM,President,,L,Michael Badnarik,0,0,0
Douglas,214 VBM,President,,L,Michael Badnarik,0,0,0
Douglas,215 E Wen City Hall,President,,L,Michael Badnarik,2,0,2
Douglas,216 Grant School,President,,L,Michael Badnarik,2,1,1
Douglas,218 Kenroy,President,,L,Michael Badnarik,0,0,0
Douglas,301 Lee School,President,,L,Michael Badnarik,0,0,0
Douglas,302 Lee School,President,,L,Michael Badnarik,1,0,1
Douglas,303 VBM,President,,L,Michael Badnarik,1,0,1
Douglas,304 VBM,President,,L,Michael Badnarik,0,0,0
Douglas,305 VBM,President,,L,Michael Badnarik,0,0,0
Douglas,306 VBM,President,,L,Michael Badnarik,0,0,0
Douglas,307 VBM,President,,L,Michael Badnarik,1,1,
Douglas,308 VBM,President,,L,Michael Badnarik,0,0,0
Douglas,309 Mansfield Hall,President,,L,Michael Badnarik,1,0,1
Douglas,310 Mansfield Hall,President,,L,Michael Badnarik,0,0,0
Douglas,311 Orondo,President,,L,Michael Badnarik,3,1,2
Douglas,312 VBM,President,,L,Michael Badnarik,0,0,0
Douglas,313 VBM,President,,L,Michael Badnarik,2,1,1
Douglas,314 Coulee Dam Hall,President,,L,Michael Badnarik,0,0,0
Douglas,316 Lee School,President,,L,Michael Badnarik,2,0,2
Douglas,317 Kenroy,President,,L,Michael Badnarik,0,0,0
Douglas,319 Grant School,President,,L,Michael Badnarik,0,0,0
Douglas,999 DOUGLAS WA,President,,L,Michael Badnarik,36,13,23
Douglas,101 Lee School,President,,WW,Parker,1,0,1
Douglas,102 Lee School,President,,WW,Parker,0,0,0
Douglas,103 E Wen City Hall,President,,WW,Parker,0,0,0
Douglas,104 E Wen City Hall,President,,WW,Parker,0,0,0
Douglas,105 E Wen City Hall,President,,WW,Parker,0,0,0
Douglas,106 Kenroy School,President,,WW,Parker,0,0,0
Douglas,107 Kenroy School,President,,WW,Parker,0,0,0
Douglas,108 Kenroy School,President,,WW,Parker,0,0,0
Douglas,109 E Wen City Hall,President,,WW,Parker,0,0,0
Douglas,111 Kenroy School,President,,WW,Parker,0,0,0
Douglas,112 E Wen City Hall,President,,WW,Parker,0,0,0
Douglas,201 Grant School,President,,WW,Parker,0,0,0
Douglas,202 Grant School,President,,WW,Parker,0,0,0
Douglas,203 Grant School,President,,WW,Parker,1,0,1
Douglas,204 Grant School,President,,WW,Parker,1,0,1
Douglas,205 Waterville City Hall,President,,WW,Parker,0,0,0
Douglas,206 VBM,President,,WW,Parker,0,0,0
Douglas,207 VBM,President,,WW,Parker,0,0,0
Douglas,208 VBM,President,,WW,Parker,0,0,
Douglas,209 Rock Island School,President,,WW,Parker,0,0,0
Douglas,210 Rock Island School,President,,WW,Parker,0,0,0
Douglas,211 VBM,President,,WW,Parker,0,0,0
Douglas,212 VBM,President,,WW,Parker,0,0,
Douglas,213 VBM,President,,WW,Parker,0,0,0
Douglas,214 VBM,President,,WW,Parker,0,0,0
Douglas,215 E Wen City Hall,President,,WW,Parker,2,0,2
Douglas,216 Grant School,President,,WW,Parker,0,0,0
Douglas,218 Kenroy School,President,,WW,Parker,1,0,1
Douglas,301 Lee School,President,,WW,Parker,2,0,2
Douglas,302 Lee School,President,,WW,Parker,0,0,0
Douglas,303 VBM,President,,WW,Parker,0,0,0
Douglas,304 VBM,President,,WW,Parker,0,0,0
Douglas,305 VBM,President,,WW,Parker,1,1,0
Douglas,306 VBM,President,,WW,Parker,0,0,0
Douglas,307 VBM,President,,WW,Parker,0,0,
Douglas,308 VBM,President,,WW,Parker,0,0,0
Douglas,309 Mansfield Hall,President,,WW,Parker,0,0,0
Douglas,310 Mansfield Hall,President,,WW,Parker,0,0,0
Douglas,311 Orondo,President,,WW,Parker,0,0,0
Douglas,312 VBM,President,,WW,Parker,0,0,0
Douglas,313 VBM,President,,WW,Parker,0,0,0
Douglas,314 Coulee Dam Hall,President,,WW,Parker,0,0,0
Douglas,316 Lee School,President,,WW,Parker,1,0,1
Douglas,317 Kenroy School,President,,WW,Parker,0,0,0
Douglas,319 Grant School,President,,WW,Parker,0,0,0
Douglas,999 DOUGLAS WA,President,,WW,Parker,10,1,9
Douglas,101 Lee School,President,,G,David Cobb,0,0,0
Douglas,102 Lee School,President,,G,David Cobb,0,0,0
Douglas,103 E Wen City Hall,President,,G,David Cobb,0,0,0
Douglas,104 E Wen City Hall,President,,G,David Cobb,0,0,0
Douglas,105 E Wen City Hall,President,,G,David Cobb,0,0,0
Douglas,106 Kenroy,President,,G,David Cobb,0,0,0
Douglas,107 Kenroy,President,,G,David Cobb,0,0,0
Douglas,108 Kenroy,President,,G,David Cobb,0,0,0
Douglas,109 E Wen City Hall,President,,G,David Cobb,0,0,0
Douglas,111 Kenroy School,President,,G,David Cobb,0,0,0
Douglas,112 E Wen City Hall,President,,G,David Cobb,0,0,0
Douglas,201 Grant School,President,,G,David Cobb,0,0,0
Douglas,202 Grant School,President,,G,David Cobb,0,0,0
Douglas,203 Grant School,President,,G,David Cobb,0,0,0
Douglas,204 Grant School,President,,G,David Cobb,1,0,1
Douglas,205 Waterville City Hall,President,,G,David Cobb,0,0,0
Douglas,206 VBM,President,,G,David Cobb,2,2,0
Douglas,207 VBM,President,,G,David Cobb,0,0,0
Douglas,208 VBM,President,,G,David Cobb,0,0,
Douglas,209 Rock Island School,President,,G,David Cobb,0,0,0
Douglas,210 Rock Island School,President,,G,David Cobb,0,0,0
Douglas,211 VBM,President,,G,David Cobb,0,0,0
Douglas,212 VBM,President,,G,David Cobb,0,0,
Douglas,213 VBM,President,,G,David Cobb,0,0,0
Douglas,214 VBM,President,,G,David Cobb,0,0,0
Douglas,215 E Wen City Hall,President,,G,David Cobb,1,1,0
Douglas,216 Grant School,President,,G,David Cobb,0,0,0
Douglas,218 Kenroy,President,,G,David Cobb,0,0,0
Douglas,301 Lee School,President,,G,David Cobb,0,0,0
Douglas,302 Lee School,President,,G,David Cobb,0,0,0
Douglas,303 VBM,President,,G,David Cobb,0,0,0
Douglas,304 VBM,President,,G,David Cobb,0,0,0
Douglas,305 VBM,President,,G,David Cobb,0,0,0
Douglas,306 VBM,President,,G,David Cobb,0,0,0
Douglas,307 VBM,President,,G,David Cobb,0,0,
Douglas,308 VBM,President,,G,David Cobb,0,0,0
Douglas,309 Mansfield Hall,President,,G,David Cobb,0,0,0
Douglas,310 Mansfield Hall,President,,G,David Cobb,0,0,0
Douglas,311 Orondo,President,,G,David Cobb,0,0,0
Douglas,312 VBM,President,,G,David Cobb,0,0,0
Douglas,313 VBM,President,,G,David Cobb,0,0,0
Douglas,314 Coulee Dam Hall,President,,G,David Cobb,0,0,0
Douglas,316 Lee School,President,,G,David Cobb,0,0,0
Douglas,317 Kenroy,President,,G,David Cobb,0,0,0
Douglas,319 Grant School,President,,G,David Cobb,0,0,0
Douglas,999 DOUGLAS WA,President,,G,David Cobb,4,3,1
Douglas,101 Lee School,President,,SW,James Harris,0,0,0
Douglas,102 Lee School,President,,SW,James Harris,0,0,0
Douglas,103 E Wen City Hall,President,,SW,James Harris,1,0,1
Douglas,104 E Wen City Hall,President,,SW,James Harris,0,0,0
Douglas,105 E Wen City Hall,President,,SW,James Harris,0,0,0
Douglas,106 Kenroy School,President,,SW,James Harris,0,0,0
Douglas,107 Kenroy School,President,,SW,James Harris,0,0,0
Douglas,108 Kenroy School,President,,SW,James Harris,0,0,0
Douglas,109 E Wen City Hall,President,,SW,James Harris,0,0,0
Douglas,111 Kenroy School,President,,SW,James Harris,0,0,0
Douglas,112 E Wen City Hall,President,,SW,James Harris,0,0,0
Douglas,201 Grant School,President,,SW,James Harris,0,0,0
Douglas,202 Grant School,President,,SW,James Harris,0,0,0
Douglas,203 Grant School,President,,SW,James Harris,0,0,0
Douglas,204 Grant School,President,,SW,James Harris,0,0,0
Douglas,205 Waterville City Hall,President,,SW,James Harris,0,0,0
Douglas,206 VBM,President,,SW,James Harris,0,0,0
Douglas,207 VBM,President,,SW,James Harris,0,0,0
Douglas,208 VBM,President,,SW,James Harris,0,0,
Douglas,209 Rock Island School,President,,SW,James Harris,0,0,0
Douglas,210 Rock Island School,President,,SW,James Harris,0,0,0
Douglas,211 VBM,President,,SW,James Harris,0,0,0
Douglas,212 VBM,President,,SW,James Harris,0,0,
Douglas,213 VBM,President,,SW,James Harris,0,0,0
Douglas,214 VBM,President,,SW,James Harris,0,0,0
Douglas,215 E Wen City Hall,President,,SW,James Harris,0,0,0
Douglas,216 Grant School,President,,SW,James Harris,0,0,0
Douglas,218 Kenroy School,President,,SW,James Harris,0,0,0
Douglas,301 Lee School,President,,SW,James Harris,0,0,0
Douglas,302 Lee School,President,,SW,James Harris,0,0,0
Douglas,303 VBM,President,,SW,James Harris,0,0,0
Douglas,304 VBM,President,,SW,James Harris,0,0,0
Douglas,305 VBM,President,,SW,James Harris,0,0,0
Douglas,306 VBM,President,,SW,James Harris,0,0,0
Douglas,307 VBM,President,,SW,James Harris,0,0,
Douglas,308 VBM,President,,SW,James Harris,0,0,0
Douglas,309 Mansfield Hall,President,,SW,James Harris,0,0,0
Douglas,310 Mansfield Hall,President,,SW,James Harris,0,0,0
Douglas,311 Orondo,President,,SW,James Harris,0,0,0
Douglas,312 VBM,President,,SW,James Harris,0,0,0
Douglas,313 VBM,President,,SW,James Harris,0,0,0
Douglas,314 Coulee Dam Hall,President,,SW,James Harris,0,0,0
Douglas,316 Lee School,President,,SW,James Harris,0,0,0
Douglas,317 Kenroy School,President,,SW,James Harris,0,0,0
Douglas,319 Grant School,President,,SW,James Harris,0,0,0
Douglas,999 DOUGLAS WA,President,,SW,James Harris,1,0,1
Douglas,101 Lee School,President,,C,Michael Peroutka,2,0,2
Douglas,102 Lee School,President,,C,Michael Peroutka,0,0,0
Douglas,103 E Wen City Hall,President,,C,Michael Peroutka,0,0,0
Douglas,104 E Wen City Hall,President,,C,Michael Peroutka,0,0,0
Douglas,105 E Wen City Hall,President,,C,Michael Peroutka,0,0,0
Douglas,106 Kenroy,President,,C,Michael Peroutka,0,0,0
Douglas,107 Kenroy,President,,C,Michael Peroutka,0,0,0
Douglas,108 Kenroy,President,,C,Michael Peroutka,0,0,0
Douglas,109 E Wen City Hall,President,,C,Michael Peroutka,1,0,1
Douglas,111 Kenroy School,President,,C,Michael Peroutka,0,0,0
Douglas,112 E Wen City Hall,President,,C,Michael Peroutka,1,0,1
Douglas,201 Grant School,President,,C,Michael Peroutka,2,0,2
Douglas,202 Grant School,President,,C,Michael Peroutka,0,0,0
Douglas,203 Grant School,President,,C,Michael Peroutka,1,0,1
Douglas,204 Grant School,President,,C,Michael Peroutka,0,0,0
Douglas,205 Waterville City Hall,President,,C,Michael Peroutka,0,0,0
Douglas,206 VBM,President,,C,Michael Peroutka,2,1,1
Douglas,207 VBM,President,,C,Michael Peroutka,0,0,0
Douglas,208 VBM,President,,C,Michael Peroutka,0,0,
Douglas,209 Rock Island School,President,,C,Michael Peroutka,1,0,1
Douglas,210 Rock Island School,President,,C,Michael Peroutka,0,0,0
Douglas,211 VBM,President,,C,Michael Peroutka,0,0,0
Douglas,212 VBM,President,,C,Michael Peroutka,0,0,
Douglas,213 VBM,President,,C,Michael Peroutka,0,0,0
Douglas,214 VBM,President,,C,Michael Peroutka,0,0,0
Douglas,215 E Wen City Hall,President,,C,Michael Peroutka,0,0,0
Douglas,216 Grant School,President,,C,Michael Peroutka,0,0,0
Douglas,218 Kenroy,President,,C,Michael Peroutka,0,0,0
Douglas,301 Lee School,President,,C,Michael Peroutka,2,2,0
Douglas,302 Lee School,President,,C,Michael Peroutka,0,0,0
Douglas,303 VBM,President,,C,Michael Peroutka,3,0,3
Douglas,304 VBM,President,,C,Michael Peroutka,1,0,1
Douglas,305 VBM,President,,C,Michael Peroutka,0,0,0
Douglas,306 VBM,President,,C,Michael Peroutka,0,0,0
Douglas,307 VBM,President,,C,Michael Peroutka,0,0,
Douglas,308 VBM,President,,C,Michael Peroutka,0,0,0
Douglas,309 Mansfield Hall,President,,C,Michael Peroutka,0,0,0
Douglas,310 Mansfield Hall,President,,C,Michael Peroutka,0,0,0
Douglas,311 Orondo,President,,C,Michael Peroutka,0,0,0
Douglas,312 VBM,President,,C,Michael Peroutka,0,0,0
Douglas,313 VBM,President,,C,Michael Peroutka,0,0,0
Douglas,314 Coulee Dam Hall,President,,C,Michael Peroutka,2,2,0
Douglas,316 Lee School,President,,C,Michael Peroutka,0,0,0
Douglas,317 Kenroy,President,,C,Michael Peroutka,0,0,0
Douglas,319 Grant School,President,,C,Michael Peroutka,0,0,0
Douglas,999 DOUGLAS WA,President,,C,Michael Peroutka,18,5,13
Douglas,101 Lee School,President,,SE,Bill van Auken,0,0,0
Douglas,102 Lee School,President,,SE,Bill van Auken,0,0,0
Douglas,103 E Wen City Hall,President,,SE,Bill van Auken,0,0,0
Douglas,104 E Wen City Hall,President,,SE,Bill van Auken,0,0,0
Douglas,105 E Wen City Hall,President,,SE,Bill van Auken,0,0,0
Douglas,106 Kenroy School,President,,SE,Bill van Auken,0,0,0
Douglas,107 Kenroy School,President,,SE,Bill van Auken,0,0,0
Douglas,108 Kenroy School,President,,SE,Bill van Auken,0,0,0
Douglas,109 E Wen City Hall,President,,SE,Bill van Auken,0,0,0
Douglas,111 Kenroy School,President,,SE,Bill van Auken,0,0,0
Douglas,112 E Wen City Hall,President,,SE,Bill van Auken,0,0,0
Douglas,201 Grant School,President,,SE,Bill van Auken,0,0,0
Douglas,202 Grant School,President,,SE,Bill van Auken,0,0,0
Douglas,203 Grant School,President,,SE,Bill van Auken,0,0,0
Douglas,204 Grant School,President,,SE,Bill van Auken,0,0,0
Douglas,205 Waterville City Hall,President,,SE,Bill van Auken,0,0,0
Douglas,206 VBM,President,,SE,Bill van Auken,0,0,0
Douglas,207 VBM,President,,SE,Bill van Auken,0,0,0
Douglas,208 VBM,President,,SE,Bill van Auken,0,0,
Douglas,209 Rock Island School,President,,SE,Bill van Auken,0,0,0
Douglas,210 Rock Island School,President,,SE,Bill van Auken,0,0,0
Douglas,211 VBM,President,,SE,Bill van Auken,0,0,0
Douglas,212 VBM,President,,SE,Bill van Auken,0,0,
Douglas,213 VBM,President,,SE,Bill van Auken,0,0,0
Douglas,214 VBM,President,,SE,Bill van Auken,0,0,0
Douglas,215 E Wen City Hall,President,,SE,Bill van Auken,0,0,0
Douglas,216 Grant School,President,,SE,Bill van Auken,0,0,0
Douglas,218 Kenroy School,President,,SE,Bill van Auken,0,0,0
Douglas,301 Lee School,President,,SE,Bill van Auken,0,0,0
Douglas,302 Lee School,President,,SE,Bill van Auken,0,0,0
Douglas,303 VBM,President,,SE,Bill van Auken,0,0,0
Douglas,304 VBM,President,,SE,Bill van Auken,0,0,0
Douglas,305 VBM,President,,SE,Bill van Auken,0,0,0
Douglas,306 VBM,President,,SE,Bill van Auken,0,0,0
Douglas,307 VBM,President,,SE,Bill van Auken,0,0,
Douglas,308 VBM,President,,SE,Bill van Auken,0,0,0
Douglas,309 Mansfield Hall,President,,SE,Bill van Auken,0,0,0
Douglas,310 Mansfield Hall,President,,SE,Bill van Auken,0,0,0
Douglas,311 Orondo,President,,SE,Bill van Auken,0,0,0
Douglas,312 VBM,President,,SE,Bill van Auken,0,0,0
Douglas,313 VBM,President,,SE,Bill van Auken,0,0,0
Douglas,314 Coulee Dam Hall,President,,SE,Bill van Auken,0,0,0
Douglas,316 Lee School,President,,SE,Bill van Auken,0,0,0
Douglas,317 Kenroy School,President,,SE,Bill van Auken,0,0,0
Douglas,319 Grant School,President,,SE,Bill van Auken,0,0,0
Douglas,999 DOUGLAS WA,President,,SE,Bill van Auken,0,0,0
Douglas,101 Lee School,President,,I,Ralph Nader,2,1,1
Douglas,102 Lee School,President,,I,Ralph Nader,10,1,9
Douglas,103 E Wen City Hall,President,,I,Ralph Nader,2,2,0
Douglas,104 E Wen City Hall,President,,I,Ralph Nader,4,2,2
Douglas,105 E Wen City Hall,President,,I,Ralph Nader,4,2,2
Douglas,106 Kenroy,President,,I,Ralph Nader,5,4,1
Douglas,107 Kenroy,President,,I,Ralph Nader,2,0,2
Douglas,108 Kenroy,President,,I,Ralph Nader,0,0,0
Douglas,109 E Wen City Hall,President,,I,Ralph Nader,1,0,1
Douglas,111 Kenroy School,President,,I,Ralph Nader,2,1,1
Douglas,112 E Wen City Hall,President,,I,Ralph Nader,3,1,2
Douglas,201 Grant School,President,,I,Ralph Nader,3,0,3
Douglas,202 Grant School,President,,I,Ralph Nader,3,0,3
Douglas,203 Grant School,President,,I,Ralph Nader,2,1,1
Douglas,204 Grant School,President,,I,Ralph Nader,2,1,1
Douglas,205 Waterville City Hall,President,,I,Ralph Nader,2,1,1
Douglas,206 VBM,President,,I,Ralph Nader,0,0,0
Douglas,207 VBM,President,,I,Ralph Nader,0,0,0
Douglas,208 VBM,President,,I,Ralph Nader,0,0,
Douglas,209 Rock Island School,President,,I,Ralph Nader,2,2,0
Douglas,210 Rock Island School,President,,I,Ralph Nader,2,0,2
Douglas,211 VBM,President,,I,Ralph Nader,2,2,0
Douglas,212 VBM,President,,I,Ralph Nader,0,0,
Douglas,213 VBM,President,,I,Ralph Nader,2,1,1
Douglas,214 VBM,President,,I,Ralph Nader,0,0,0
Douglas,215 E Wen City Hall,President,,I,Ralph Nader,1,0,1
Douglas,216 Grant School,President,,I,Ralph Nader,1,1,0
Douglas,218 Kenroy,President,,I,Ralph Nader,1,0,1
Douglas,301 Lee School,President,,I,Ralph Nader,9,1,8
Douglas,302 Lee School,President,,I,Ralph Nader,2,1,1
Douglas,303 VBM,President,,I,Ralph Nader,3,1,2
Douglas,304 VBM,President,,I,Ralph Nader,0,0,0
Douglas,305 VBM,President,,I,Ralph Nader,2,2,0
Douglas,306 VBM,President,,I,Ralph Nader,0,0,0
Douglas,307 VBM,President,,I,Ralph Nader,0,0,
Douglas,308 VBM,President,,I,Ralph Nader,0,0,0
Douglas,309 Mansfield Hall,President,,I,Ralph Nader,4,0,4
Douglas,310 Mansfield Hall,President,,I,Ralph Nader,1,0,1
Douglas,311 Orondo,President,,I,Ralph Nader,1,0,1
Douglas,312 VBM,President,,I,Ralph Nader,0,0,0
Douglas,313 VBM,President,,I,Ralph Nader,0,0,0
Douglas,314 Coulee Dam Hall,President,,I,Ralph Nader,3,3,0
Douglas,316 Lee School,President,,I,Ralph Nader,8,2,6
Douglas,317 Kenroy,President,,I,Ralph Nader,1,1,0
Douglas,319 Grant School,President,,I,Ralph Nader,5,2,3
Douglas,999 DOUGLAS WA,President,,I,Ralph Nader,97,36,61
Douglas,101 Lee School,U.S. Senate,,D,Patty Murray,154,48,106
Douglas,102 Lee School,U.S. Senate,,D,Patty Murray,243,66,177
Douglas,103 E Wen City Hall,U.S. Senate,,D,Patty Murray,114,26,88
Douglas,104 E Wen City Hall,U.S. Senate,,D,Patty Murray,148,34,114
Douglas,105 E Wen City Hall,U.S. Senate,,D,Patty Murray,100,39,61
Douglas,106 Kenroy School,U.S. Senate,,D,Patty Murray,224,82,142
Douglas,107 Kenroy School,U.S. Senate,,D,Patty Murray,121,35,86
Douglas,108 Kenroy School,U.S. Senate,,D,Patty Murray,114,39,75
Douglas,109 E Wen City Hall,U.S. Senate,,D,Patty Murray,127,37,90
Douglas,111 Kenroy School,U.S. Senate,,D,Patty Murray,120,26,94
Douglas,112 E Wen City Hall,U.S. Senate,,D,Patty Murray,232,56,176
Douglas,201 Grant School,U.S. Senate,,D,Patty Murray,135,33,102
Douglas,202 Grant School,U.S. Senate,,D,Patty Murray,176,52,124
Douglas,203 Grant School,U.S. Senate,,D,Patty Murray,180,55,125
Douglas,204 Grant School,U.S. Senate,,D,Patty Murray,150,29,121
Douglas,205 Waterville City Hall,U.S. Senate,,D,Patty Murray,192,40,152
Douglas,206 VBM,U.S. Senate,,D,Patty Murray,35,33,2
Douglas,207 VBM,U.S. Senate,,D,Patty Murray,21,18,3
Douglas,208 VBM,U.S. Senate,,D,Patty Murray,11,11,
Douglas,209 Rock Island School,U.S. Senate,,D,Patty Murray,138,31,107
Douglas,210 Rock Island School,U.S. Senate,,D,Patty Murray,74,27,47
Douglas,211 VBM,U.S. Senate,,D,Patty Murray,18,17,1
Douglas,212 VBM,U.S. Senate,,D,Patty Murray,5,5,
Douglas,213 VBM,U.S. Senate,,D,Patty Murray,12,12,0
Douglas,214 VBM,U.S. Senate,,D,Patty Murray,2,2,0
Douglas,215 E Wen City Hall,U.S. Senate,,D,Patty Murray,70,18,52
Douglas,216 Grant School,U.S. Senate,,D,Patty Murray,126,47,79
Douglas,218 Kenroy School,U.S. Senate,,D,Patty Murray,142,45,97
Douglas,301 Lee School,U.S. Senate,,D,Patty Murray,322,78,244
Douglas,302 Lee School,U.S. Senate,,D,Patty Murray,247,56,191
Douglas,303 VBM,U.S. Senate,,D,Patty Murray,152,53,99
Douglas,304 VBM,U.S. Senate,,D,Patty Murray,46,44,2
Douglas,305 VBM,U.S. Senate,,D,Patty Murray,63,63,0
Douglas,306 VBM,U.S. Senate,,D,Patty Murray,5,5,0
Douglas,307 VBM,U.S. Senate,,D,Patty Murray,26,26,
Douglas,308 VBM,U.S. Senate,,D,Patty Murray,12,12,0
Douglas,309 Mansfield Hall,U.S. Senate,,D,Patty Murray,14,3,11
Douglas,310 Mansfield Hall,U.S. Senate,,D,Patty Murray,59,18,41
Douglas,311 Orondo,U.S. Senate,,D,Patty Murray,118,20,98
Douglas,312 VBM,U.S. Senate,,D,Patty Murray,7,4,3
Douglas,313 VBM,U.S. Senate,,D,Patty Murray,18,4,14
Douglas,314 Coulee Dam Hall,U.S. Senate,,D,Patty Murray,78,64,14
Douglas,316 Lee School,U.S. Senate,,D,Patty Murray,189,46,143
Douglas,317 Kenroy School,U.S. Senate,,D,Patty Murray,136,30,106
Douglas,319 Grant School,U.S. Senate,,D,Patty Murray,217,56,161
Douglas,999 DOUGLAS WA,U.S. Senate,,D,Patty Murray,4893,1545,3348
Douglas,101 Lee School,U.S. Senate,,R,George Nethercutt,338,84,254
Douglas,102 Lee School,U.S. Senate,,R,George Nethercutt,351,82,269
Douglas,103 E Wen City Hall,U.S. Senate,,R,George Nethercutt,121,32,89
Douglas,104 E Wen City Hall,U.S. Senate,,R,George Nethercutt,276,57,219
Douglas,105 E Wen City Hall,U.S. Senate,,R,George Nethercutt,103,42,61
Douglas,106 Kenroy,U.S. Senate,,R,George Nethercutt,260,90,170
Douglas,107 Kenroy,U.S. Senate,,R,George Nethercutt,155,45,110
Douglas,108 Kenroy,U.S. Senate,,R,George Nethercutt,145,49,96
Douglas,109 E Wen City Hall,U.S. Senate,,R,George Nethercutt,189,63,126
Douglas,111 Kenroy School,U.S. Senate,,R,George Nethercutt,161,63,98
Douglas,112 E Wen City Hall,U.S. Senate,,R,George Nethercutt,403,139,264
Douglas,201 Grant School,U.S. Senate,,R,George Nethercutt,203,83,120
Douglas,202 Grant School,U.S. Senate,,R,George Nethercutt,225,53,172
Douglas,203 Grant School,U.S. Senate,,R,George Nethercutt,297,101,196
Douglas,204 Grant School,U.S. Senate,,R,George Nethercutt,263,51,212
Douglas,205 Waterville City Hall,U.S. Senate,,R,George Nethercutt,364,75,289
Douglas,206 VBM,U.S. Senate,,R,George Nethercutt,123,122,1
Douglas,207 VBM,U.S. Senate,,R,George Nethercutt,49,48,1
Douglas,208 VBM,U.S. Senate,,R,George Nethercutt,28,28,
Douglas,209 Rock Island School,U.S. Senate,,R,George Nethercutt,226,56,170
Douglas,210 Rock Island School,U.S. Senate,,R,George Nethercutt,82,28,54
Douglas,211 VBM,U.S. Senate,,R,George Nethercutt,46,46,0
Douglas,212 VBM,U.S. Senate,,R,George Nethercutt,34,34,
Douglas,213 VBM,U.S. Senate,,R,George Nethercutt,56,55,1
Douglas,214 VBM,U.S. Senate,,R,George Nethercutt,6,4,2
Douglas,215 E Wen City Hall,U.S. Senate,,R,George Nethercutt,88,23,65
Douglas,216 Grant School,U.S. Senate,,R,George Nethercutt,177,50,127
Douglas,218 Kenroy,U.S. Senate,,R,George Nethercutt,262,71,191
Douglas,301 Lee School,U.S. Senate,,R,George Nethercutt,632,161,471
Douglas,302 Lee School,U.S. Senate,,R,George Nethercutt,523,112,411
Douglas,303 VBM,U.S. Senate,,R,George Nethercutt,157,51,106
Douglas,304 VBM,U.S. Senate,,R,George Nethercutt,56,56,0
Douglas,305 VBM,U.S. Senate,,R,George Nethercutt,153,146,7
Douglas,306 VBM,U.S. Senate,,R,George Nethercutt,16,14,2
Douglas,307 VBM,U.S. Senate,,R,George Nethercutt,31,31,
Douglas,308 VBM,U.S. Senate,,R,George Nethercutt,21,19,2
Douglas,309 Mansfield Hall,U.S. Senate,,R,George Nethercutt,86,15,71
Douglas,310 Mansfield Hall,U.S. Senate,,R,George Nethercutt,111,29,82
Douglas,311 Orondo,U.S. Senate,,R,George Nethercutt,284,28,256
Douglas,312 VBM,U.S. Senate,,R,George Nethercutt,23,11,12
Douglas,313 VBM,U.S. Senate,,R,George Nethercutt,33,17,16
Douglas,314 Coulee Dam Hall,U.S. Senate,,R,George Nethercutt,33,26,7
Douglas,316 Lee School,U.S. Senate,,R,George Nethercutt,380,101,279
Douglas,317 Kenroy,U.S. Senate,,R,George Nethercutt,182,69,113
Douglas,319 Grant School,U.S. Senate,,R,George Nethercutt,376,86,290
Douglas,999 DOUGLAS WA,U.S. Senate,,R,George Nethercutt,8128,2646,5482
Douglas,101 Lee School,U.S. Senate,,L,J Mills,4,0,4
Douglas,102 Lee School,U.S. Senate,,L,J Mills,4,0,4
Douglas,103 E Wen City Hall,U.S. Senate,,L,J Mills,1,0,1
Douglas,104 E Wen City Hall,U.S. Senate,,L,J Mills,2,1,1
Douglas,105 E Wen City Hall,U.S. Senate,,L,J Mills,3,1,2
Douglas,106 Kenroy School,U.S. Senate,,L,J Mills,8,2,6
Douglas,107 Kenroy School,U.S. Senate,,L,J Mills,7,1,6
Douglas,108 Kenroy School,U.S. Senate,,L,J Mills,2,2,0
Douglas,109 E Wen City Hall,U.S. Senate,,L,J Mills,4,1,3
Douglas,111 Kenroy School,U.S. Senate,,L,J Mills,2,0,2
Douglas,112 E Wen City Hall,U.S. Senate,,L,J Mills,3,1,2
Douglas,201 Grant School,U.S. Senate,,L,J Mills,0,0,0
Douglas,202 Grant School,U.S. Senate,,L,J Mills,9,2,7
Douglas,203 Grant School,U.S. Senate,,L,J Mills,9,3,6
Douglas,204 Grant School,U.S. Senate,,L,J Mills,1,0,1
Douglas,205 Waterville City Hall,U.S. Senate,,L,J Mills,8,1,7
Douglas,206 VBM,U.S. Senate,,L,J Mills,3,3,0
Douglas,207 VBM,U.S. Senate,,L,J Mills,3,3,0
Douglas,208 VBM,U.S. Senate,,L,J Mills,1,1,
Douglas,209 Rock Island School,U.S. Senate,,L,J Mills,2,0,2
Douglas,210 Rock Island School,U.S. Senate,,L,J Mills,4,1,3
Douglas,211 VBM,U.S. Senate,,L,J Mills,2,2,0
Douglas,212 VBM,U.S. Senate,,L,J Mills,1,1,
Douglas,213 VBM,U.S. Senate,,L,J Mills,0,0,0
Douglas,214 VBM,U.S. Senate,,L,J Mills,0,0,0
Douglas,215 E Wen City Hall,U.S. Senate,,L,J Mills,5,0,5
Douglas,216 Grant School,U.S. Senate,,L,J Mills,3,1,2
Douglas,218 Kenroy School,U.S. Senate,,L,J Mills,7,3,4
Douglas,301 Lee School,U.S. Senate,,L,J Mills,5,0,5
Douglas,302 Lee School,U.S. Senate,,L,J Mills,4,0,4
Douglas,303 VBM,U.S. Senate,,L,J Mills,7,1,6
Douglas,304 VBM,U.S. Senate,,L,J Mills,3,3,0
Douglas,305 VBM,U.S. Senate,,L,J Mills,6,6,0
Douglas,306 VBM,U.S. Senate,,L,J Mills,0,0,0
Douglas,307 VBM,U.S. Senate,,L,J Mills,2,2,
Douglas,308 VBM,U.S. Senate,,L,J Mills,0,0,0
Douglas,309 Mansfield Hall,U.S. Senate,,L,J Mills,0,0,0
Douglas,310 Mansfield Hall,U.S. Senate,,L,J Mills,1,0,1
Douglas,311 Orondo,U.S. Senate,,L,J Mills,11,2,9
Douglas,312 VBM,U.S. Senate,,L,J Mills,0,0,0
Douglas,313 VBM,U.S. Senate,,L,J Mills,0,0,0
Douglas,314 Coulee Dam Hall,U.S. Senate,,L,J Mills,0,0,0
Douglas,316 Lee School,U.S. Senate,,L,J Mills,6,0,6
Douglas,317 Kenroy School,U.S. Senate,,L,J Mills,3,1,2
Douglas,319 Grant School,U.S. Senate,,L,J Mills,6,1,5
Douglas,999 DOUGLAS WA,U.S. Senate,,L,J Mills,152,46,106
Douglas,101 Lee School,U.S. Senate,,G,Mark Wilson,4,0,4
Douglas,102 Lee School,U.S. Senate,,G,Mark Wilson,2,0,2
Douglas,103 E Wen City Hall,U.S. Senate,,G,Mark Wilson,2,2,0
Douglas,104 E Wen City Hall,U.S. Senate,,G,Mark Wilson,2,0,2
Douglas,105 E Wen City Hall,U.S. Senate,,G,Mark Wilson,0,0,0
Douglas,106 Kenroy,U.S. Senate,,G,Mark Wilson,6,2,4
Douglas,107 Kenroy,U.S. Senate,,G,Mark Wilson,2,1,1
Douglas,108 Kenroy,U.S. Senate,,G,Mark Wilson,2,0,2
Douglas,109 E Wen City Hall,U.S. Senate,,G,Mark Wilson,2,0,2
Douglas,111 Kenroy School,U.S. Senate,,G,Mark Wilson,2,0,2
Douglas,112 E Wen City Hall,U.S. Senate,,G,Mark Wilson,1,0,1
Douglas,201 Grant School,U.S. Senate,,G,Mark Wilson,1,0,1
Douglas,202 Grant School,U.S. Senate,,G,Mark Wilson,3,1,2
Douglas,203 Grant School,U.S. Senate,,G,Mark Wilson,1,0,1
Douglas,204 Grant School,U.S. Senate,,G,Mark Wilson,2,1,1
Douglas,205 Waterville City Hall,U.S. Senate,,G,Mark Wilson,4,3,1
Douglas,206 VBM,U.S. Senate,,G,Mark Wilson,7,4,3
Douglas,207 VBM,U.S. Senate,,G,Mark Wilson,0,0,0
Douglas,208 VBM,U.S. Senate,,G,Mark Wilson,2,2,
Douglas,209 Rock Island School,U.S. Senate,,G,Mark Wilson,1,0,1
Douglas,210 Rock Island School,U.S. Senate,,G,Mark Wilson,1,0,1
Douglas,211 VBM,U.S. Senate,,G,Mark Wilson,0,0,0
Douglas,212 VBM,U.S. Senate,,G,Mark Wilson,0,0,
Douglas,213 VBM,U.S. Senate,,G,Mark Wilson,2,1,1
Douglas,214 VBM,U.S. Senate,,G,Mark Wilson,0,0,0
Douglas,215 E Wen City Hall,U.S. Senate,,G,Mark Wilson,7,2,5
Douglas,216 Grant School,U.S. Senate,,G,Mark Wilson,4,2,2
Douglas,218 Kenroy,U.S. Senate,,G,Mark Wilson,2,0,2
Douglas,301 Lee School,U.S. Senate,,G,Mark Wilson,2,0,2
Douglas,302 Lee School,U.S. Senate,,G,Mark Wilson,1,0,1
Douglas,303 VBM,U.S. Senate,,G,Mark Wilson,1,1,0
Douglas,304 VBM,U.S. Senate,,G,Mark Wilson,0,0,0
Douglas,305 VBM,U.S. Senate,,G,Mark Wilson,2,2,0
Douglas,306 VBM,U.S. Senate,,G,Mark Wilson,0,0,0
Douglas,307 VBM,U.S. Senate,,G,Mark Wilson,0,0,
Douglas,308 VBM,U.S. Senate,,G,Mark Wilson,1,1,0
Douglas,309 Mansfield Hall,U.S. Senate,,G,Mark Wilson,1,0,1
Douglas,310 Mansfield Hall,U.S. Senate,,G,Mark Wilson,0,0,0
Douglas,311 Orondo,U.S. Senate,,G,Mark Wilson,1,0,1
Douglas,312 VBM,U.S. Senate,,G,Mark Wilson,0,0,0
Douglas,313 VBM,U.S. Senate,,G,Mark Wilson,0,0,0
Douglas,314 Coulee Dam Hall,U.S. Senate,,G,Mark Wilson,2,2,0
Douglas,316 Lee School,U.S. Senate,,G,Mark Wilson,1,0,1
Douglas,317 Kenroy,U.S. Senate,,G,Mark Wilson,3,2,1
Douglas,319 Grant School,U.S. Senate,,G,Mark Wilson,1,0,1
Douglas,999 DOUGLAS WA,U.S. Senate,,G,Mark Wilson,78,29,49
Douglas,101 Lee School,U.S. House,4,D,Sandy Matheson,137,31,106
Douglas,102 Lee School,U.S. House,4,D,Sandy Matheson,202,51,151
Douglas,103 E Wen City Hall,U.S. House,4,D,Sandy Matheson,81,21,60
Douglas,104 E Wen City Hall,U.S. House,4,D,Sandy Matheson,123,25,98
Douglas,105 E Wen City Hall,U.S. House,4,D,Sandy Matheson,74,29,45
Douglas,106 Kenroy School,U.S. House,4,D,Sandy Matheson,164,59,105
Douglas,107 Kenroy School,U.S. House,4,D,Sandy Matheson,88,23,65
Douglas,108 Kenroy School,U.S. House,4,D,Sandy Matheson,93,32,61
Douglas,109 E Wen City Hall,U.S. House,4,D,Sandy Matheson,109,37,72
Douglas,111 Kenroy School,U.S. House,4,D,Sandy Matheson,86,19,67
Douglas,112 E Wen City Hall,U.S. House,4,D,Sandy Matheson,168,51,117
Douglas,201 Grant School,U.S. House,4,D,Sandy Matheson,116,32,84
Douglas,202 Grant School,U.S. House,4,D,Sandy Matheson,149,42,107
Douglas,203 Grant School,U.S. House,4,D,Sandy Matheson,156,56,100
Douglas,204 Grant School,U.S. House,4,D,Sandy Matheson,119,26,93
Douglas,205 Waterville City Hall,U.S. House,4,D,Sandy Matheson,148,37,111
Douglas,206 VBM,U.S. House,4,D,Sandy Matheson,33,31,2
Douglas,207 VBM,U.S. House,4,D,Sandy Matheson,15,13,2
Douglas,208 VBM,U.S. House,4,D,Sandy Matheson,11,11,
Douglas,209 Rock Island School,U.S. House,4,D,Sandy Matheson,105,20,85
Douglas,210 Rock Island School,U.S. House,4,D,Sandy Matheson,65,21,44
Douglas,211 VBM,U.S. House,4,D,Sandy Matheson,16,15,1
Douglas,212 VBM,U.S. House,4,D,Sandy Matheson,3,3,
Douglas,213 VBM,U.S. House,4,D,Sandy Matheson,9,9,0
Douglas,214 VBM,U.S. House,4,D,Sandy Matheson,0,0,0
Douglas,215 E Wen City Hall,U.S. House,4,D,Sandy Matheson,61,14,47
Douglas,216 Grant School,U.S. House,4,D,Sandy Matheson,99,32,67
Douglas,218 Kenroy School,U.S. House,4,D,Sandy Matheson,125,38,87
Douglas,301 Lee School,U.S. House,4,D,Sandy Matheson,249,56,193
Douglas,302 Lee School,U.S. House,4,D,Sandy Matheson,193,51,142
Douglas,303 VBM,U.S. House,4,D,Sandy Matheson,108,35,73
Douglas,304 VBM,U.S. House,4,D,Sandy Matheson,38,36,2
Douglas,305 VBM,U.S. House,4,D,Sandy Matheson,59,58,1
Douglas,306 VBM,U.S. House,4,D,Sandy Matheson,5,5,0
Douglas,307 VBM,U.S. House,4,D,Sandy Matheson,21,21,
Douglas,308 VBM,U.S. House,4,D,Sandy Matheson,7,7,0
Douglas,309 Mansfield Hall,U.S. House,4,D,Sandy Matheson,12,2,10
Douglas,310 Mansfield Hall,U.S. House,4,D,Sandy Matheson,41,8,33
Douglas,311 Orondo,U.S. House,4,D,Sandy Matheson,83,13,70
Douglas,312 VBM,U.S. House,4,D,Sandy Matheson,5,2,3
Douglas,313 VBM,U.S. House,4,D,Sandy Matheson,12,2,10
Douglas,314 Coulee Dam Hall,U.S. House,4,D,Sandy Matheson,58,49,9
Douglas,316 Lee School,U.S. House,4,D,Sandy Matheson,144,34,110
Douglas,317 Kenroy School,U.S. House,4,D,Sandy Matheson,97,17,80
Douglas,319 Grant School,U.S. House,4,D,Sandy Matheson,175,42,133
Douglas,999 DOUGLAS WA,U.S. House,4,D,Sandy Matheson,3862,1216,2646
Douglas,101 Lee School,U.S. House,4,R,Doc Hastings,358,96,262
Douglas,102 Lee School,U.S. House,4,R,Doc Hastings,391,94,297
Douglas,103 E Wen City Hall,U.S. House,4,R,Doc Hastings,151,36,115
Douglas,104 E Wen City Hall,U.S. House,4,R,Doc Hastings,303,66,237
Douglas,105 E Wen City Hall,U.S. House,4,R,Doc Hastings,128,50,78
Douglas,106 Kenroy School,U.S. House,4,R,Doc Hastings,319,109,210
Douglas,107 Kenroy School,U.S. House,4,R,Doc Hastings,192,56,136
Douglas,108 Kenroy School,U.S. House,4,R,Doc Hastings,163,55,108
Douglas,109 E Wen City Hall,U.S. House,4,R,Doc Hastings,203,58,145
Douglas,111 Kenroy School,U.S. House,4,R,Doc Hastings,193,69,124
Douglas,112 E Wen City Hall,U.S. House,4,R,Doc Hastings,450,140,310
Douglas,201 Grant School,U.S. House,4,R,Doc Hastings,219,80,139
Douglas,202 Grant School,U.S. House,4,R,Doc Hastings,253,61,192
Douglas,203 Grant School,U.S. House,4,R,Doc Hastings,324,100,224
Douglas,204 Grant School,U.S. House,4,R,Doc Hastings,289,53,236
Douglas,205 Waterville City Hall,U.S. House,4,R,Doc Hastings,408,77,331
Douglas,206 VBM,U.S. House,4,R,Doc Hastings,133,130,3
Douglas,207 VBM,U.S. House,4,R,Doc Hastings,59,57,2
Douglas,208 VBM,U.S. House,4,R,Doc Hastings,30,30,
Douglas,209 Rock Island School,U.S. House,4,R,Doc Hastings,253,63,190
Douglas,210 Rock Island School,U.S. House,4,R,Doc Hastings,94,33,61
Douglas,211 VBM,U.S. House,4,R,Doc Hastings,49,49,0
Douglas,212 VBM,U.S. House,4,R,Doc Hastings,35,35,
Douglas,213 VBM,U.S. House,4,R,Doc Hastings,60,58,2
Douglas,214 VBM,U.S. House,4,R,Doc Hastings,8,6,2
Douglas,215 E Wen City Hall,U.S. House,4,R,Doc Hastings,107,28,79
Douglas,216 Grant School,U.S. House,4,R,Doc Hastings,206,64,142
Douglas,218 Kenroy School,U.S. House,4,R,Doc Hastings,274,74,200
Douglas,301 Lee School,U.S. House,4,R,Doc Hastings,702,180,522
Douglas,302 Lee School,U.S. House,4,R,Doc Hastings,570,116,454
Douglas,303 VBM,U.S. House,4,R,Doc Hastings,204,70,134
Douglas,304 VBM,U.S. House,4,R,Doc Hastings,65,65,0
Douglas,305 VBM,U.S. House,4,R,Doc Hastings,164,158,6
Douglas,306 VBM,U.S. House,4,R,Doc Hastings,16,14,2
Douglas,307 VBM,U.S. House,4,R,Doc Hastings,34,34,
Douglas,308 VBM,U.S. House,4,R,Doc Hastings,27,25,2
Douglas,309 Mansfield Hall,U.S. House,4,R,Doc Hastings,87,15,72
Douglas,310 Mansfield Hall,U.S. House,4,R,Doc Hastings,124,36,88
Douglas,311 Orondo,U.S. House,4,R,Doc Hastings,322,36,286
Douglas,312 VBM,U.S. House,4,R,Doc Hastings,25,13,12
Douglas,313 VBM,U.S. House,4,R,Doc Hastings,39,20,19
Douglas,314 Coulee Dam Hall,U.S. House,4,R,Doc Hastings,51,40,11
Douglas,316 Lee School,U.S. House,4,R,Doc Hastings,427,112,315
Douglas,317 Kenroy School,U.S. House,4,R,Doc Hastings,218,80,138
Douglas,319 Grant School,U.S. House,4,R,Doc Hastings,409,93,316
Douglas,999 DOUGLAS WA,U.S. House,4,R,Doc Hastings,9136,2934,6202
Douglas,101 Lee School,Governor,,D,Christine Gregoire,145,43,102
Douglas,102 Lee School,Governor,,D,Christine Gregoire,225,59,166
Douglas,103 E Wen City Hall,Governor,,D,Christine Gregoire,99,25,74
Douglas,104 E Wen City Hall,Governor,,D,Christine Gregoire,134,28,106
Douglas,105 E Wen City Hall,Governor,,D,Christine Gregoire,95,41,54
Douglas,106 Kenroy,Governor,,D,Christine Gregoire,189,67,122
Douglas,107 Kenroy,Governor,,D,Christine Gregoire,109,31,78
Douglas,108 Kenroy,Governor,,D,Christine Gregoire,102,37,65
Douglas,109 E Wen City Hall,Governor,,D,Christine Gregoire,112,35,77
Douglas,111 Kenroy School,Governor,,D,Christine Gregoire,105,20,85
Douglas,112 E Wen City Hall,Governor,,D,Christine Gregoire,202,49,153
Douglas,201 Grant School,Governor,,D,Christine Gregoire,118,34,84
Douglas,202 Grant School,Governor,,D,Christine Gregoire,156,49,107
Douglas,203 Grant School,Governor,,D,Christine Gregoire,174,52,122
Douglas,204 Grant School,Governor,,D,Christine Gregoire,120,28,92
Douglas,205 Waterville City Hall,Governor,,D,Christine Gregoire,178,34,144
Douglas,206 VBM,Governor,,D,Christine Gregoire,33,32,1
Douglas,207 VBM,Governor,,D,Christine Gregoire,21,18,3
Douglas,208 VBM,Governor,,D,Christine Gregoire,10,10,
Douglas,209 Rock Island School,Governor,,D,Christine Gregoire,116,24,92
Douglas,210 Rock Island School,Governor,,D,Christine Gregoire,60,23,37
Douglas,211 VBM,Governor,,D,Christine Gregoire,16,15,1
Douglas,212 VBM,Governor,,D,Christine Gregoire,4,4,
Douglas,213 VBM,Governor,,D,Christine Gregoire,15,15,0
Douglas,214 VBM,Governor,,D,Christine Gregoire,1,1,0
Douglas,215 E Wen City Hall,Governor,,D,Christine Gregoire,71,17,54
Douglas,216 Grant School,Governor,,D,Christine Gregoire,105,33,72
Douglas,218 Kenroy,Governor,,D,Christine Gregoire,130,40,90
Douglas,301 Lee School,Governor,,D,Christine Gregoire,272,65,207
Douglas,302 Lee School,Governor,,D,Christine Gregoire,211,46,165
Douglas,303 VBM,Governor,,D,Christine Gregoire,140,48,92
Douglas,304 VBM,Governor,,D,Christine Gregoire,34,33,1
Douglas,305 VBM,Governor,,D,Christine Gregoire,64,64,0
Douglas,306 VBM,Governor,,D,Christine Gregoire,5,5,0
Douglas,307 VBM,Governor,,D,Christine Gregoire,30,30,
Douglas,308 VBM,Governor,,D,Christine Gregoire,10,10,0
Douglas,309 Mansfield Hall,Governor,,D,Christine Gregoire,16,3,13
Douglas,310 Mansfield Hall,Governor,,D,Christine Gregoire,48,15,33
Douglas,311 Orondo,Governor,,D,Christine Gregoire,103,21,82
Douglas,312 VBM,Governor,,D,Christine Gregoire,6,2,4
Douglas,313 VBM,Governor,,D,Christine Gregoire,14,3,11
Douglas,314 Coulee Dam Hall,Governor,,D,Christine Gregoire,77,63,14
Douglas,316 Lee School,Governor,,D,Christine Gregoire,167,42,125
Douglas,317 Kenroy,Governor,,D,Christine Gregoire,117,25,92
Douglas,319 Grant School,Governor,,D,Christine Gregoire,198,48,150
Douglas,999 DOUGLAS WA,Governor,,D,Christine Gregoire,4357,1387,2970
Douglas,101 Lee School,Governor,,R,Dino Rossi,352,88,264
Douglas,102 Lee School,Governor,,R,Dino Rossi,369,86,283
Douglas,103 E Wen City Hall,Governor,,R,Dino Rossi,136,34,102
Douglas,104 E Wen City Hall,Governor,,R,Dino Rossi,289,64,225
Douglas,105 E Wen City Hall,Governor,,R,Dino Rossi,105,39,66
Douglas,106 Kenroy School,Governor,,R,Dino Rossi,290,97,193
Douglas,107 Kenroy School,Governor,,R,Dino Rossi,172,50,122
Douglas,108 Kenroy School,Governor,,R,Dino Rossi,156,54,102
Douglas,109 E Wen City Hall,Governor,,R,Dino Rossi,200,60,140
Douglas,111 Kenroy School,Governor,,R,Dino Rossi,178,69,109
Douglas,112 E Wen City Hall,Governor,,R,Dino Rossi,426,143,283
Douglas,201 Grant School,Governor,,R,Dino Rossi,221,81,140
Douglas,202 Grant School,Governor,,R,Dino Rossi,246,55,191
Douglas,203 Grant School,Governor,,R,Dino Rossi,298,104,194
Douglas,204 Grant School,Governor,,R,Dino Rossi,292,54,238
Douglas,205 Waterville City Hall,Governor,,R,Dino Rossi,378,83,295
Douglas,206 VBM,Governor,,R,Dino Rossi,127,123,4
Douglas,207 VBM,Governor,,R,Dino Rossi,51,50,1
Douglas,208 VBM,Governor,,R,Dino Rossi,30,30,
Douglas,209 Rock Island School,Governor,,R,Dino Rossi,249,62,187
Douglas,210 Rock Island School,Governor,,R,Dino Rossi,94,29,65
Douglas,211 VBM,Governor,,R,Dino Rossi,47,47,0
Douglas,212 VBM,Governor,,R,Dino Rossi,36,36,
Douglas,213 VBM,Governor,,R,Dino Rossi,55,53,2
Douglas,214 VBM,Governor,,R,Dino Rossi,7,5,2
Douglas,215 E Wen City Hall,Governor,,R,Dino Rossi,90,26,64
Douglas,216 Grant School,Governor,,R,Dino Rossi,203,63,140
Douglas,218 Kenroy School,Governor,,R,Dino Rossi,278,77,201
Douglas,301 Lee School,Governor,,R,Dino Rossi,673,170,503
Douglas,302 Lee School,Governor,,R,Dino Rossi,554,117,437
Douglas,303 VBM,Governor,,R,Dino Rossi,167,55,112
Douglas,304 VBM,Governor,,R,Dino Rossi,67,66,1
Douglas,305 VBM,Governor,,R,Dino Rossi,156,149,7
Douglas,306 VBM,Governor,,R,Dino Rossi,16,14,2
Douglas,307 VBM,Governor,,R,Dino Rossi,28,28,
Douglas,308 VBM,Governor,,R,Dino Rossi,22,20,2
Douglas,309 Mansfield Hall,Governor,,R,Dino Rossi,86,14,72
Douglas,310 Mansfield Hall,Governor,,R,Dino Rossi,116,31,85
Douglas,311 Orondo,Governor,,R,Dino Rossi,304,29,275
Douglas,312 VBM,Governor,,R,Dino Rossi,23,13,10
Douglas,313 VBM,Governor,,R,Dino Rossi,38,19,19
Douglas,314 Coulee Dam Hall,Governor,,R,Dino Rossi,34,27,7
Douglas,316 Lee School,Governor,,R,Dino Rossi,402,105,297
Douglas,317 Kenroy School,Governor,,R,Dino Rossi,202,76,126
Douglas,319 Grant School,Governor,,R,Dino Rossi,399,97,302
Douglas,999 DOUGLAS WA,Governor,,R,Dino Rossi,8662,2792,5870
Douglas,101 Lee School,Governor,,L,Ruth Bennett,4,0,4
Douglas,102 Lee School,Governor,,L,Ruth Bennett,8,3,5
Douglas,103 E Wen City Hall,Governor,,L,Ruth Bennett,4,0,4
Douglas,104 E Wen City Hall,Governor,,L,Ruth Bennett,3,0,3
Douglas,105 E Wen City Hall,Governor,,L,Ruth Bennett,4,0,4
Douglas,106 Kenroy School,Governor,,L,Ruth Bennett,15,9,6
Douglas,107 Kenroy School,Governor,,L,Ruth Bennett,5,1,4
Douglas,108 Kenroy School,Governor,,L,Ruth Bennett,5,2,3
Douglas,109 E Wen City Hall,Governor,,L,Ruth Bennett,10,3,7
Douglas,111 Kenroy School,Governor,,L,Ruth Bennett,2,0,2
Douglas,112 E Wen City Hall,Governor,,L,Ruth Bennett,7,4,3
Douglas,201 Grant School,Governor,,L,Ruth Bennett,3,2,1
Douglas,202 Grant School,Governor,,L,Ruth Bennett,11,4,7
Douglas,203 Grant School,Governor,,L,Ruth Bennett,12,3,9
Douglas,204 Grant School,Governor,,L,Ruth Bennett,7,1,6
Douglas,205 Waterville City Hall,Governor,,L,Ruth Bennett,9,2,7
Douglas,206 VBM,Governor,,L,Ruth Bennett,7,6,1
Douglas,207 VBM,Governor,,L,Ruth Bennett,2,2,0
Douglas,208 VBM,Governor,,L,Ruth Bennett,1,1,
Douglas,209 Rock Island School,Governor,,L,Ruth Bennett,2,1,1
Douglas,210 Rock Island School,Governor,,L,Ruth Bennett,8,4,4
Douglas,211 VBM,Governor,,L,Ruth Bennett,3,3,0
Douglas,212 VBM,Governor,,L,Ruth Bennett,0,0,
Douglas,213 VBM,Governor,,L,Ruth Bennett,0,0,0
Douglas,214 VBM,Governor,,L,Ruth Bennett,0,0,0
Douglas,215 E Wen City Hall,Governor,,L,Ruth Bennett,9,0,9
Douglas,216 Grant School,Governor,,L,Ruth Bennett,6,5,1
Douglas,218 Kenroy School,Governor,,L,Ruth Bennett,4,0,4
Douglas,301 Lee School,Governor,,L,Ruth Bennett,11,2,9
Douglas,302 Lee School,Governor,,L,Ruth Bennett,8,2,6
Douglas,303 VBM,Governor,,L,Ruth Bennett,10,3,7
Douglas,304 VBM,Governor,,L,Ruth Bennett,3,3,0
Douglas,305 VBM,Governor,,L,Ruth Bennett,7,7,0
Douglas,306 VBM,Governor,,L,Ruth Bennett,0,0,0
Douglas,307 VBM,Governor,,L,Ruth Bennett,1,1,
Douglas,308 VBM,Governor,,L,Ruth Bennett,1,1,0
Douglas,309 Mansfield Hall,Governor,,L,Ruth Bennett,0,0,0
Douglas,310 Mansfield Hall,Governor,,L,Ruth Bennett,5,1,4
Douglas,311 Orondo,Governor,,L,Ruth Bennett,5,1,4
Douglas,312 VBM,Governor,,L,Ruth Bennett,0,0,0
Douglas,313 VBM,Governor,,L,Ruth Bennett,0,0,0
Douglas,314 Coulee Dam Hall,Governor,,L,Ruth Bennett,3,3,0
Douglas,316 Lee School,Governor,,L,Ruth Bennett,7,0,7
Douglas,317 Kenroy School,Governor,,L,Ruth Bennett,4,0,4
Douglas,319 Grant School,Governor,,L,Ruth Bennett,2,0,2
Douglas,999 DOUGLAS WA,Governor,,L,Ruth Bennett,218,80,138
Douglas,101 Lee School,State Senate,12,R,Linda Parlette,400,102,298
Douglas,102 Lee School,State Senate,12,R,Linda Parlette,485,116,369
Douglas,103 E Wen City Hall,State Senate,12,R,Linda Parlette,203,53,150
Douglas,104 E Wen City Hall,State Senate,12,R,Linda Parlette,354,72,282
Douglas,105 E Wen City Hall,State Senate,12,R,Linda Parlette,171,68,103
Douglas,106 Kenroy School,State Senate,12,R,Linda Parlette,403,143,260
Douglas,107 Kenroy School,State Senate,12,R,Linda Parlette,239,67,172
Douglas,108 Kenroy School,State Senate,12,R,Linda Parlette,202,70,132
Douglas,109 E Wen City Hall,State Senate,12,R,Linda Parlette,263,76,187
Douglas,111 Kenroy School,State Senate,12,R,Linda Parlette,239,79,160
Douglas,112 E Wen City Hall,State Senate,12,R,Linda Parlette,542,160,382
Douglas,201 Grant School,State Senate,12,R,Linda Parlette,274,100,174
Douglas,202 Grant School,State Senate,12,R,Linda Parlette,318,78,240
Douglas,203 Grant School,State Senate,12,R,Linda Parlette,389,128,261
Douglas,204 Grant School,State Senate,12,R,Linda Parlette,342,64,278
Douglas,205 Waterville City Hall,State Senate,12,R,Linda Parlette,456,93,363
Douglas,206 VBM,State Senate,12,R,Linda Parlette,145,139,6
Douglas,207 VBM,State Senate,12,R,Linda Parlette,59,57,2
Douglas,208 VBM,State Senate,12,R,Linda Parlette,36,36,
Douglas,209 Rock Island School,State Senate,12,R,Linda Parlette,302,67,235
Douglas,210 Rock Island School,State Senate,12,R,Linda Parlette,136,47,89
Douglas,211 VBM,State Senate,12,R,Linda Parlette,59,58,1
Douglas,212 VBM,State Senate,12,R,Linda Parlette,32,32,
Douglas,213 VBM,State Senate,12,R,Linda Parlette,61,59,2
Douglas,214 VBM,State Senate,12,R,Linda Parlette,8,6,2
Douglas,215 E Wen City Hall,State Senate,12,R,Linda Parlette,145,39,106
Douglas,216 Grant School,State Senate,12,R,Linda Parlette,249,79,170
Douglas,218 Kenroy School,State Senate,12,R,Linda Parlette,356,98,258
Douglas,301 Lee School,State Senate,12,R,Linda Parlette,808,204,604
Douglas,302 Lee School,State Senate,12,R,Linda Parlette,670,141,529
Douglas,303 VBM,State Senate,12,R,Linda Parlette,278,92,186
Douglas,304 VBM,State Senate,12,R,Linda Parlette,88,86,2
Douglas,305 VBM,State Senate,12,R,Linda Parlette,191,184,7
Douglas,306 VBM,State Senate,12,R,Linda Parlette,18,16,2
Douglas,307 VBM,State Senate,12,R,Linda Parlette,39,39,
Douglas,308 VBM,State Senate,12,R,Linda Parlette,28,26,2
Douglas,309 Mansfield Hall,State Senate,12,R,Linda Parlette,90,16,74
Douglas,310 Mansfield Hall,State Senate,12,R,Linda Parlette,144,42,102
Douglas,311 Orondo,State Senate,12,R,Linda Parlette,346,40,306
Douglas,312 VBM,State Senate,12,R,Linda Parlette,27,13,14
Douglas,313 VBM,State Senate,12,R,Linda Parlette,43,18,25
Douglas,314 Coulee Dam Hall,State Senate,12,R,Linda Parlette,72,58,14
Douglas,316 Lee School,State Senate,12,R,Linda Parlette,493,131,362
Douglas,317 Kenroy School,State Senate,12,R,Linda Parlette,259,84,175
Douglas,319 Grant School,State Senate,12,R,Linda Parlette,511,118,393
Douglas,999 DOUGLAS WA,State Senate,12,R,Linda Parlette,10973,3494,7479
Douglas,101 Lee School,State House,12 -- 1,D,Tony Zinman,126,94,32
Douglas,102 Lee School,State House,12 -- 1,D,Tony Zinman,205,154,51
Douglas,103 E Wen City Hall,State House,12 -- 1,D,Tony Zinman,81,62,19
Douglas,104 E Wen City Hall,State House,12 -- 1,D,Tony Zinman,127,98,29
Douglas,105 E Wen City Hall,State House,12 -- 1,D,Tony Zinman,91,56,35
Douglas,106 Kenroy School,State House,12 -- 1,D,Tony Zinman,166,107,59
Douglas,107 Kenroy School,State House,12 -- 1,D,Tony Zinman,97,65,32
Douglas,108 Kenroy School,State House,12 -- 1,D,Tony Zinman,96,67,29
Douglas,109 E Wen City Hall,State House,12 -- 1,D,Tony Zinman,107,73,34
Douglas,111 Kenroy School,State House,12 -- 1,D,Tony Zinman,96,77,19
Douglas,112 E Wen City Hall,State House,12 -- 1,D,Tony Zinman,175,126,49
Douglas,201 Grant School,State House,12 -- 1,D,Tony Zinman,113,80,33
Douglas,202 Grant School,State House,12 -- 1,D,Tony Zinman,157,108,49
Douglas,203 Grant School,State House,12 -- 1,D,Tony Zinman,166,110,56
Douglas,204 Grant School,State House,12 -- 1,D,Tony Zinman,121,93,28
Douglas,205 Waterville City Hall,State House,12 -- 1,D,Tony Zinman,166,123,43
Douglas,206 VBM,State House,12 -- 1,D,Tony Zinman,28,1,27
Douglas,207 VBM,State House,12 -- 1,D,Tony Zinman,12,2,10
Douglas,208 VBM,State House,12 -- 1,D,Tony Zinman,14,,14
Douglas,209 Rock Island School,State House,12 -- 1,D,Tony Zinman,113,88,25
Douglas,210 Rock Island School,State House,12 -- 1,D,Tony Zinman,66,45,21
Douglas,211 VBM,State House,12 -- 1,D,Tony Zinman,17,1,16
Douglas,212 VBM,State House,12 -- 1,D,Tony Zinman,4,,4
Douglas,213 VBM,State House,12 -- 1,D,Tony Zinman,9,0,9
Douglas,214 VBM,State House,12 -- 1,D,Tony Zinman,1,0,1
Douglas,215 E Wen City Hall,State House,12 -- 1,D,Tony Zinman,62,48,14
Douglas,216 Grant School,State House,12 -- 1,D,Tony Zinman,108,76,32
Douglas,218 Kenroy School,State House,12 -- 1,D,Tony Zinman,126,86,40
Douglas,301 Lee School,State House,12 -- 1,D,Tony Zinman,249,182,67
Douglas,302 Lee School,State House,12 -- 1,D,Tony Zinman,198,151,47
Douglas,303 VBM,State House,12 -- 1,D,Tony Zinman,117,79,38
Douglas,304 VBM,State House,12 -- 1,D,Tony Zinman,35,1,34
Douglas,305 VBM,State House,12 -- 1,D,Tony Zinman,55,0,55
Douglas,306 VBM,State House,12 -- 1,D,Tony Zinman,4,0,4
Douglas,307 VBM,State House,12 -- 1,D,Tony Zinman,28,,28
Douglas,308 VBM,State House,12 -- 1,D,Tony Zinman,3,0,3
Douglas,309 Mansfield Hall,State House,12 -- 1,D,Tony Zinman,15,13,2
Douglas,310 Mansfield Hall,State House,12 -- 1,D,Tony Zinman,35,26,9
Douglas,311 Orondo,State House,12 -- 1,D,Tony Zinman,96,84,12
Douglas,312 VBM,State House,12 -- 1,D,Tony Zinman,5,2,3
Douglas,313 VBM,State House,12 -- 1,D,Tony Zinman,15,11,4
Douglas,314 Coulee Dam Hall,State House,12 -- 1,D,Tony Zinman,69,13,56
Douglas,316 Lee School,State House,12 -- 1,D,Tony Zinman,169,126,43
Douglas,317 Kenroy School,State House,12 -- 1,D,Tony Zinman,101,77,24
Douglas,319 Grant School,State House,12 -- 1,D,Tony Zinman,168,122,46
Douglas,999 DOUGLAS WA,State House,12 -- 1,D,Tony Zinman,4012,2727,1285
Douglas,101 Lee School,State House,12 -- 1,R,Cary Condotta,357,92,265
Douglas,102 Lee School,State House,12 -- 1,R,Cary Condotta,364,86,278
Douglas,103 E Wen City Hall,State House,12 -- 1,R,Cary Condotta,150,39,111
Douglas,104 E Wen City Hall,State House,12 -- 1,R,Cary Condotta,289,62,227
Douglas,105 E Wen City Hall,State House,12 -- 1,R,Cary Condotta,107,42,65
Douglas,106 Kenroy,State House,12 -- 1,R,Cary Condotta,312,110,202
Douglas,107 Kenroy,State House,12 -- 1,R,Cary Condotta,180,49,131
Douglas,108 Kenroy,State House,12 -- 1,R,Cary Condotta,159,58,101
Douglas,109 E Wen City Hall,State House,12 -- 1,R,Cary Condotta,206,62,144
Douglas,111 Kenroy School,State House,12 -- 1,R,Cary Condotta,183,69,114
Douglas,112 E Wen City Hall,State House,12 -- 1,R,Cary Condotta,429,136,293
Douglas,201 Grant School,State House,12 -- 1,R,Cary Condotta,219,80,139
Douglas,202 Grant School,State House,12 -- 1,R,Cary Condotta,243,52,191
Douglas,203 Grant School,State House,12 -- 1,R,Cary Condotta,314,101,213
Douglas,204 Grant School,State House,12 -- 1,R,Cary Condotta,287,50,237
Douglas,205 Waterville City Hall,State House,12 -- 1,R,Cary Condotta,381,72,309
Douglas,206 VBM,State House,12 -- 1,R,Cary Condotta,138,133,5
Douglas,207 VBM,State House,12 -- 1,R,Cary Condotta,60,58,2
Douglas,208 VBM,State House,12 -- 1,R,Cary Condotta,28,28,
Douglas,209 Rock Island School,State House,12 -- 1,R,Cary Condotta,242,58,184
Douglas,210 Rock Island School,State House,12 -- 1,R,Cary Condotta,95,34,61
Douglas,211 VBM,State House,12 -- 1,R,Cary Condotta,47,47,0
Douglas,212 VBM,State House,12 -- 1,R,Cary Condotta,34,34,
Douglas,213 VBM,State House,12 -- 1,R,Cary Condotta,61,59,2
Douglas,214 VBM,State House,12 -- 1,R,Cary Condotta,7,5,2
Douglas,215 E Wen City Hall,State House,12 -- 1,R,Cary Condotta,103,27,76
Douglas,216 Grant School,State House,12 -- 1,R,Cary Condotta,195,60,135
Douglas,218 Kenroy,State House,12 -- 1,R,Cary Condotta,274,70,204
Douglas,301 Lee School,State House,12 -- 1,R,Cary Condotta,692,168,524
Douglas,302 Lee School,State House,12 -- 1,R,Cary Condotta,551,111,440
Douglas,303 VBM,State House,12 -- 1,R,Cary Condotta,193,64,129
Douglas,304 VBM,State House,12 -- 1,R,Cary Condotta,69,68,1
Douglas,305 VBM,State House,12 -- 1,R,Cary Condotta,159,153,6
Douglas,306 VBM,State House,12 -- 1,R,Cary Condotta,16,14,2
Douglas,307 VBM,State House,12 -- 1,R,Cary Condotta,29,29,
Douglas,308 VBM,State House,12 -- 1,R,Cary Condotta,29,27,2
Douglas,309 Mansfield Hall,State House,12 -- 1,R,Cary Condotta,79,12,67
Douglas,310 Mansfield Hall,State House,12 -- 1,R,Cary Condotta,129,36,93
Douglas,311 Orondo,State House,12 -- 1,R,Cary Condotta,307,34,273
Douglas,312 VBM,State House,12 -- 1,R,Cary Condotta,23,12,11
Douglas,313 VBM,State House,12 -- 1,R,Cary Condotta,36,17,19
Douglas,314 Coulee Dam Hall,State House,12 -- 1,R,Cary Condotta,34,28,6
Douglas,316 Lee School,State House,12 -- 1,R,Cary Condotta,387,98,289
Douglas,317 Kenroy,State House,12 -- 1,R,Cary Condotta,210,75,135
Douglas,319 Grant School,State House,12 -- 1,R,Cary Condotta,416,96,320
Douglas,999 DOUGLAS WA,State House,12 -- 1,R,Cary Condotta,8823,2815,6008
Douglas,101 Lee School,State House,12 -- 2,D,Todd Smith,116,29,87
Douglas,102 Lee School,State House,12 -- 2,D,Todd Smith,188,49,139
Douglas,103 E Wen City Hall,State House,12 -- 2,D,Todd Smith,84,20,64
Douglas,104 E Wen City Hall,State House,12 -- 2,D,Todd Smith,120,27,93
Douglas,105 E Wen City Hall,State House,12 -- 2,D,Todd Smith,77,29,48
Douglas,106 Kenroy School,State House,12 -- 2,D,Todd Smith,150,55,95
Douglas,107 Kenroy School,State House,12 -- 2,D,Todd Smith,93,30,63
Douglas,108 Kenroy School,State House,12 -- 2,D,Todd Smith,90,30,60
Douglas,109 E Wen City Hall,State House,12 -- 2,D,Todd Smith,107,37,70
Douglas,111 Kenroy School,State House,12 -- 2,D,Todd Smith,74,20,54
Douglas,112 E Wen City Hall,State House,12 -- 2,D,Todd Smith,159,41,118
Douglas,201 Grant School,State House,12 -- 2,D,Todd Smith,106,29,77
Douglas,202 Grant School,State House,12 -- 2,D,Todd Smith,137,35,102
Douglas,203 Grant School,State House,12 -- 2,D,Todd Smith,146,50,96
Douglas,204 Grant School,State House,12 -- 2,D,Todd Smith,106,24,82
Douglas,205 Waterville City Hall,State House,12 -- 2,D,Todd Smith,135,33,102
Douglas,206 VBM,State House,12 -- 2,D,Todd Smith,35,32,3
Douglas,207 VBM,State House,12 -- 2,D,Todd Smith,16,14,2
Douglas,208 VBM,State House,12 -- 2,D,Todd Smith,8,8,
Douglas,209 Rock Island School,State House,12 -- 2,D,Todd Smith,111,19,92
Douglas,210 Rock Island School,State House,12 -- 2,D,Todd Smith,59,17,42
Douglas,211 VBM,State House,12 -- 2,D,Todd Smith,11,10,1
Douglas,212 VBM,State House,12 -- 2,D,Todd Smith,4,4,
Douglas,213 VBM,State House,12 -- 2,D,Todd Smith,8,8,0
Douglas,214 VBM,State House,12 -- 2,D,Todd Smith,0,0,0
Douglas,215 E Wen City Hall,State House,12 -- 2,D,Todd Smith,58,10,48
Douglas,216 Grant School,State House,12 -- 2,D,Todd Smith,94,33,61
Douglas,218 Kenroy School,State House,12 -- 2,D,Todd Smith,122,37,85
Douglas,301 Lee School,State House,12 -- 2,D,Todd Smith,225,49,176
Douglas,302 Lee School,State House,12 -- 2,D,Todd Smith,170,45,125
Douglas,303 VBM,State House,12 -- 2,D,Todd Smith,107,34,73
Douglas,304 VBM,State House,12 -- 2,D,Todd Smith,32,32,0
Douglas,305 VBM,State House,12 -- 2,D,Todd Smith,64,63,1
Douglas,306 VBM,State House,12 -- 2,D,Todd Smith,4,4,0
Douglas,307 VBM,State House,12 -- 2,D,Todd Smith,27,27,
Douglas,308 VBM,State House,12 -- 2,D,Todd Smith,7,7,0
Douglas,309 Mansfield Hall,State House,12 -- 2,D,Todd Smith,20,2,18
Douglas,310 Mansfield Hall,State House,12 -- 2,D,Todd Smith,31,6,25
Douglas,311 Orondo,State House,12 -- 2,D,Todd Smith,78,7,71
Douglas,312 VBM,State House,12 -- 2,D,Todd Smith,5,3,2
Douglas,313 VBM,State House,12 -- 2,D,Todd Smith,17,7,10
Douglas,314 Coulee Dam Hall,State House,12 -- 2,D,Todd Smith,66,56,10
Douglas,316 Lee School,State House,12 -- 2,D,Todd Smith,144,34,110
Douglas,317 Kenroy School,State House,12 -- 2,D,Todd Smith,98,28,70
Douglas,319 Grant School,State House,12 -- 2,D,Todd Smith,154,32,122
Douglas,999 DOUGLAS WA,State House,12 -- 2,D,Todd Smith,3663,1166,2497
Douglas,101 Lee School,State House,12 -- 2,R,Seth Armstrong,343,88,255
Douglas,102 Lee School,State House,12 -- 2,R,Seth Armstrong,378,88,290
Douglas,103 E Wen City Hall,State House,12 -- 2,R,Seth Armstrong,145,36,109
Douglas,104 E Wen City Hall,State House,12 -- 2,R,Seth Armstrong,285,61,224
Douglas,105 E Wen City Hall,State House,12 -- 2,R,Seth Armstrong,118,45,73
Douglas,106 Kenroy School,State House,12 -- 2,R,Seth Armstrong,319,111,208
Douglas,107 Kenroy School,State House,12 -- 2,R,Seth Armstrong,176,47,129
Douglas,108 Kenroy School,State House,12 -- 2,R,Seth Armstrong,156,54,102
Douglas,109 E Wen City Hall,State House,12 -- 2,R,Seth Armstrong,204,59,145
Douglas,111 Kenroy School,State House,12 -- 2,R,Seth Armstrong,197,66,131
Douglas,112 E Wen City Hall,State House,12 -- 2,R,Seth Armstrong,436,140,296
Douglas,201 Grant School,State House,12 -- 2,R,Seth Armstrong,215,81,134
Douglas,202 Grant School,State House,12 -- 2,R,Seth Armstrong,256,64,192
Douglas,203 Grant School,State House,12 -- 2,R,Seth Armstrong,319,99,220
Douglas,204 Grant School,State House,12 -- 2,R,Seth Armstrong,296,51,245
Douglas,205 Waterville City Hall,State House,12 -- 2,R,Seth Armstrong,401,80,321
Douglas,206 VBM,State House,12 -- 2,R,Seth Armstrong,124,121,3
Douglas,207 VBM,State House,12 -- 2,R,Seth Armstrong,52,51,1
Douglas,208 VBM,State House,12 -- 2,R,Seth Armstrong,33,33,
Douglas,209 Rock Island School,State House,12 -- 2,R,Seth Armstrong,243,61,182
Douglas,210 Rock Island School,State House,12 -- 2,R,Seth Armstrong,98,37,61
Douglas,211 VBM,State House,12 -- 2,R,Seth Armstrong,52,52,0
Douglas,212 VBM,State House,12 -- 2,R,Seth Armstrong,32,32,
Douglas,213 VBM,State House,12 -- 2,R,Seth Armstrong,59,57,2
Douglas,214 VBM,State House,12 -- 2,R,Seth Armstrong,8,6,2
Douglas,215 E Wen City Hall,State House,12 -- 2,R,Seth Armstrong,108,30,78
Douglas,216 Grant School,State House,12 -- 2,R,Seth Armstrong,205,59,146
Douglas,218 Kenroy School,State House,12 -- 2,R,Seth Armstrong,268,69,199
Douglas,301 Lee School,State House,12 -- 2,R,Seth Armstrong,694,174,520
Douglas,302 Lee School,State House,12 -- 2,R,Seth Armstrong,561,112,449
Douglas,303 VBM,State House,12 -- 2,R,Seth Armstrong,194,64,130
Douglas,304 VBM,State House,12 -- 2,R,Seth Armstrong,70,68,2
Douglas,305 VBM,State House,12 -- 2,R,Seth Armstrong,152,146,6
Douglas,306 VBM,State House,12 -- 2,R,Seth Armstrong,14,12,2
Douglas,307 VBM,State House,12 -- 2,R,Seth Armstrong,29,29,
Douglas,308 VBM,State House,12 -- 2,R,Seth Armstrong,26,24,2
Douglas,309 Mansfield Hall,State House,12 -- 2,R,Seth Armstrong,73,12,61
Douglas,310 Mansfield Hall,State House,12 -- 2,R,Seth Armstrong,125,36,89
Douglas,311 Orondo,State House,12 -- 2,R,Seth Armstrong,309,38,271
Douglas,312 VBM,State House,12 -- 2,R,Seth Armstrong,23,12,11
Douglas,313 VBM,State House,12 -- 2,R,Seth Armstrong,32,14,18
Douglas,314 Coulee Dam Hall,State House,12 -- 2,R,Seth Armstrong,37,28,9
Douglas,316 Lee School,State House,12 -- 2,R,Seth Armstrong,406,105,301
Douglas,317 Kenroy School,State House,12 -- 2,R,Seth Armstrong,207,69,138
Douglas,319 Grant School,State House,12 -- 2,R,Seth Armstrong,417,104,313
Douglas,999 DOUGLAS WA,State House,12 -- 2,R,Seth Armstrong,8895,2825,6070